name,salaray,log_values
raja,1200,3.079181246
suma,2900,3.462397998
ragu,34800,4.541579244
karishma,1240,3.093421685
kavitha,850,2.929418926
velu,1050,3.021189299
